"Input_Name","Tissue wt/Cell count","Genotype","Tissue","TBA_I","Lactate_0","Lactate_1","Lactate_2","Lactate_3","Pyruvate_0","Pyruvate_1","Pyruvate_2","Pyruvate_3","Ala_0","Ala_1","Ala_2","Ala_3","Gly_0","Gly_1","Gly_2","Val_0","Val_1","Val_2","Val_3","Leu_0","Leu_1","Leu_2","Leu_3","Maelic_0","GABA_0","GABA_1","GABA_2","GABA_3","GABA_4","Succinate_0","Succinate_1","Succinate_2","Succinate_3","Succinate_4","Pro_0","Pro_1","Pro_2","Pro_3","Fumarate_0","Fumarate_1","Fumarate_2","Fumarate_3","Fumarate_4","Glutarate_0","Met_0","Met_1","Met_2","Met_3","Ser_0","Ser_1","Ser_2","Ser_3","Thr_0","Thr_1","Thr_2","Thr_3","Phe_0","Phe_1","Phe_2","Phe_3","Malate_0","Malate_1","Malate_2","Malate_3","Malate_4","Aspartate_0","Aspartate_1","Aspartate_2","Aspartate_3","Aspartate_4","aKG_0","aKG_1","aKG_2","aKG_3","aKG_4","aKG_5","Glu_0","Glu_1","Glu_2","Glu_3","Glu_4","Glu_5","Gln_0","Gln_1","Gln_2","Gln_3","Gln_4","Gln_5","His_0","His_1","His_2","His_3","Citrate_0","Citrate_1","Citrate_2","Citrate_3","Citrate_4","Citrate_5","Citrate_6","Tyr_0","Tyr_1","Tyr_2","Tyr_3"
"X220622.Control.1.Cereb",1,"Control","CB",1962287,0.642497453270554,0.0251951974611584,0.0323154469012552,0.299991902367033,0.0125197798381779,0.963713905760338,0.0237663144014838,0,0.703886691766499,0.018941937424781,0.0289499007538976,0.248221470054823,0.976922422979454,0.0230775770205464,0,0.997263170800118,0.00176762967764585,0,0.000969199522236233,0.401851374672811,0.568186150363857,0,0.029962474963332,NA,0.450423928426396,0.195086565342647,0.226189837893796,0.102897277628398,0.0254023907087638,0.524114289845109,0.163979642036483,0.206308074723823,0.0865296176765356,0.0190683757180498,0.910392400792408,0,0.0896075992075919,0,0.729116472891456,0.104922619442838,0.111636880525439,0.0453483652024159,0.0089756619378508,NA,0.995643957343982,0.00435604265601815,0,0,0.854313157664131,0,0.131375683735057,0.0143111586008116,1,0,0,0,0.983155644251283,0,0,0.0168443557487174,0.552356665678859,0.153568923579397,0.188511492738005,0.0886934269391632,0.0168694910645763,0.545466368577193,0.155251616004811,0.194900329147241,0.0875726888413207,0.0168089974294336,0.0310797653708335,0,0.00947389370832196,0,0.0290198565294891,0.930426484391355,0.549013554432901,0.104219824977888,0.2377254970028,0.0649087375292832,0.0361543981547735,0.00797798790235386,0.726490241199618,0.0693683004503514,0.14240986810226,0.0389718952021422,0.0176926533358232,0.00506704170980485,0.00300426188482329,0.0218057292311925,0.0270630633068286,0.948126945577155,0.463367531043873,0.119192900980135,0.242448897084883,0.0942938609853089,0.0587631231060113,0.0175994421635456,0.00433424463624353,NA,1,0,0
"X220622.Control.1.Cortex",1,"Control","CT",2378939,0.644511905237554,0.0236871221240768,0.029202331908424,0.302598640729945,0.00979873846417486,0.90409839860652,0.0430540230332398,0.0430488398960652,0.658209802324758,0.0223225598196751,0.0320411489246975,0.287426488930869,0.972195373807123,0.0278046261928769,0,0.999228640022252,0,0.000771359977747944,0,0.000912578206833473,0.943684121303858,0,0.0554033004893081,NA,0.547250194761735,0.149497363893895,0.20649351672842,0.0769961464685947,0.0197627781473558,0.510062351091689,0.167433453573509,0.218490101055403,0.0861301761481034,0.0178839181312961,0.99980172607254,0,0,0.000198273927460394,0.626740517887931,0.133918742488802,0.160657073998062,0.0657534055903528,0.012930260034853,NA,0.995297186023371,0.00470281397662929,0,0,0.955511865955216,0,0.0376790016786109,0.00680913236617286,1,0,0,0,0.972929782818976,0,0,0.0270702171810244,0.514655362004924,0.170359425475439,0.204507794980697,0.0933244815156199,0.0171529360233205,0.52566121180761,0.159192054023305,0.208323545925899,0.089985620222758,0.0168375680204282,0.00933677481289438,0,0.00395939680821393,0,0.056959529375498,0.929744299003394,0.515977559021449,0.112740586486312,0.24931620086325,0.0724819284934674,0.0407388527580558,0.00874487237746617,0.653322343994695,0.0776422461744807,0.189137926575148,0.0486322001734282,0.0247320604913915,0.00653322259085644,0.958514509775096,0,0.026246779813734,0.0152387104111703,0.447680462578387,0.108611110467656,0.257451216850778,0.0954219538692861,0.0643290317719429,0.0234749085841867,0.00303131587776321,NA,1,0,0
"X220622.Control.1.Hippo",1,"Control","HP",1262133,0.653866311284942,0.0217688720908651,0.0278730493418734,0.296491767282319,0.00826251212680307,0.910404723820754,0.0430723356339567,0.0382604284184862,0.666868965796936,0.0223685074139388,0.028776855493388,0.281985671295737,0.982589174552221,0.0174108254477791,0,0.999646052107357,0,0,0.000353947892642985,0.927071057070155,0,0,0.0729289429298453,NA,0.641418282839112,0.110923043647976,0.183126879282853,0.0522504511276108,0.0122813431024491,0.615679407007157,0.133145508576592,0.174884241363069,0.0634894158587492,0.0128014271944323,0.730148570023222,0,0.269851429976778,0,0.734085648861671,0.0998151636267738,0.11653452949143,0.0428356891261342,0.00672896889399073,NA,0.986324761392174,0.0136752386078261,0,0,0.939113300981135,0,0.0597371186230266,0.00114958039583828,1,0,0,0,0.763508804754116,0,0,0.236491195245884,0.625062874895774,0.128631342106897,0.164679380717284,0.0701145677954284,0.0115118344846166,0.621945357494283,0.123319759353483,0.177796306703522,0.0656376813086202,0.0113008951400927,0.00790250310202862,0.82098141519866,0.072489254717635,0,0,0.0986268269816762,0.632467645226138,0.0807395494833194,0.211708447467681,0.0449080696214828,0.0251705966906292,0.00500569151074955,0.728447079612657,0.0602518464958017,0.152359718247477,0.036407084032289,0.0171068027357491,0.00542746887602561,0.69194663030095,0,0.0426905903096899,0.26536277938936,0.519866431840707,0.0967718659302745,0.245835793470695,0.0768503939880515,0.0461907159031245,0.0118312970703595,0.00265350179678813,NA,1,0,0
"X220622.Control.2.Cereb",1,"Control","CB",2701729,0.714461204486998,0.0247218267484574,0.0270337997651648,0.23378316899938,0.0107610042540031,0.91339651289181,0.0439116349578286,0.0319308478963582,0.733760311072518,0.0252416200317674,0.0264329752565566,0.214565093639158,0.982091181001974,0.0179088189980258,0,0.957719499380715,0.0415046725163011,0,0.000775828102984177,0.0449843436315293,0,0.891993333152644,0.0630223232158265,NA,0.489410532497126,0.199145924440687,0.207742960475787,0.0860722554585945,0.0176283271278057,0.556790021788654,0.168540908172826,0.189012538519184,0.0732932011460784,0.0123633303732576,0.995917298462674,0,0,0.00408270153732575,0.665153364838395,0.131319189618435,0.138455905925902,0.0550018903465414,0.0100696492707268,NA,0.997201395424531,0.00279860457546872,0,0,0.954984213929826,0,0.0418190070480151,0.00319677902215862,1,0,0,0,1,0,0,0,0.582261638021927,0.157246000223385,0.17639017039086,0.0735957996146839,0.0105063917491441,0.586396340005524,0.152483843245274,0.178131770585479,0.071233587255345,0.0117544589083775,0.0325652163624383,0.00144931921166957,0.000746121660448804,0.000374633881553375,0.00136736214640692,0.963497346737483,0.578698764874398,0.10978695530915,0.222766898895581,0.0546857342973161,0.028568158892595,0.00549348773095966,0.739466846821639,0.0746632167802468,0.138002206911914,0.0315232605458109,0.0132733019122574,0.00307116702813194,0.989604814435706,0,0,0.0103951855642941,0.504448631844466,0.123605487208312,0.229365353172756,0.0829618514352998,0.0433082748542569,0.0144416495218518,0.00186875196305726,NA,1,0,0
"X220622.Control.2.Cortex",1,"Control","CT",2115163,0.733017125066228,0.0215346174860148,0.0239725777070632,0.221475679740694,0.019932549104682,0.909720678983193,0.0383680209539343,0.0319787509581905,0.711999584514432,0.0205665303491051,0.0256744482717905,0.241759436864672,0.986397314652089,0.0136026853479112,0,0.983066527130307,0.0169334728696928,0,0,0.0583205618708566,0.696462264028012,0.0273371546628249,0.217880019438306,NA,0.574747754686927,0.154292972003242,0.192007737669199,0.0654043573415714,0.0135471782990611,0.555940499992276,0.167788034078225,0.194077935859926,0.0714954987206817,0.0106980313488923,0.997913485017999,0,0,0.00208651498200136,0.654558401839217,0.132980325791535,0.148230082104211,0.0559881000924616,0.00824309017257509,NA,1,0,0,0,0.966400196881489,0,0.02937087700912,0.00422892610939095,1,0,0,0,0.965518001012416,0,0,0.0344819989875844,0.569815827453933,0.164613982257432,0.182119681281937,0.0731101544993634,0.0103403545073348,0.567920815475381,0.158245416920494,0.190125010161286,0.0745974622501352,0.0091112951927043,0.0181950965647047,0,0.00438599016856434,0.00597646142297335,0.000192300090603909,0.971250151753154,0.539650747940696,0.11990712260574,0.23797574593174,0.063838691492726,0.0326877733068548,0.00593991872224327,0.669693473752617,0.0841120591867172,0.181318884923337,0.0413349313196079,0.0194126008712157,0.00412804994650545,0.97473934805179,0,5.71450968304669e-05,0.0252035068513797,0.471297315325243,0.122425870366629,0.253339085680763,0.0870119682225323,0.0476825723088135,0.0154800802613851,0.00276310783463417,NA,1,0,0
"X220622.Control.2.Hippo",1,"Control","HP",2886456,0.728038440072784,0.0227652337563965,0.0250560773795154,0.224140248791304,0.00964543359208901,0.909215209583578,0.0441365508126705,0.0370028060116622,0.701931005746372,0.0244457176799237,0.0293203133706719,0.244302963203033,0.980873591720058,0.0191264082799423,0,0.977543622604832,0.022117644286477,0.000338733108691421,0,0.0587607757239253,0.780927889592351,0.0485628042257761,0.111748530457948,NA,0.664859570366305,0.118182244628672,0.161888272704271,0.0460867768739355,0.00898313542681583,0.628402402495577,0.134749208220643,0.172579739993547,0.056244214671911,0.00802443461832213,0.912548722227918,0,0.0874512777720815,0,0.699202358268281,0.116077733099619,0.130700027221818,0.0475374152129476,0.00648246619733463,NA,0.988844749962816,0.0111552500371845,0,0,0.965892825694913,0,0.0339235078171189,0.000183666487968114,1,0,0,0,0.981160236167796,0,0,0.0188397638322035,0.649165298032529,0.128813194756047,0.154665976316743,0.0580554013955795,0.00930012949910182,0.655060940216758,0.122662519338138,0.159787244512596,0.055123621406226,0.00736567452628161,0.0225860362927662,0,0,0.0018364320406568,0.0971143877517882,0.878463143914789,0.657098857053247,0.0852645168939697,0.195370517239104,0.038573308329244,0.0204976125960833,0.0031951878883515,0.740908212623174,0.0647668330427026,0.1469261632439,0.0308008106562068,0.0133301750784374,0.00326780535557891,0.975925414094556,0,0.0129920786939248,0.011082507211519,0.562597565698443,0.104501663166997,0.225393972418452,0.0572818986556953,0.0391365979936587,0.0106851501601457,0.000403151906607967,NA,1,0,0
"X220622.Control.3.Cereb",1,"Control","CB",1277360,0.548703942888337,0.0321584872175015,0.0379982451458658,0.381139324748296,0.0719949461155126,0.830691292657894,0.0438655959952915,0.0534481652313024,0.63804869836349,0.0265670558385617,0.0402208706790096,0.295163375118939,0.969631434855939,0.0303685651440607,0,0.986766387739704,0,0.0132336122602961,NA,0.67052004690273,0,0.263021577361537,0.0664583757357326,NA,0.362598335025463,0.19926973777697,0.247996055327469,0.146939803939548,0.0431960679305497,0.449360761140519,0.171296839651604,0.228491533386367,0.1200945025035,0.0307563633180107,0.767460407301923,0.0549243082966093,0.177615284401468,0,0.638841882220284,0.119285199903583,0.140772730843001,0.0826929017336268,0.0184072852995055,NA,0.978112438300368,0.00825254722939147,0,0.0136350144702406,0.869222022770246,0,0.113765187771486,0.0170127894582685,1,0,0,0,0.974298518942404,0,0,0.0257014810575955,0.492245743115008,0.156810869701932,0.204020039736494,0.118084947423884,0.0288384000226826,0.490611425113347,0.154476003032942,0.21825964289471,0.109394411686431,0.0272585172725701,0.00913907165775298,0,0.676278656843408,0,0,0.314582271498839,0.468615031227946,0.10956238849056,0.263153227141015,0.0891608469035138,0.0549598257349054,0.0145486805020602,0.679450362004206,0.0827654914471523,0.15791498578939,0.050578509627773,0.0220324917596203,0.00725815937185778,0.958052556807394,0.00351761384707708,0.00327484715935573,0.0351549821861734,0.405230425449456,0.115506045449294,0.247540276521804,0.117559380655499,0.0766342144427071,0.0302316429331702,0.0072980145480696,NA,1,0,0
"X220622.Control.3.Cortex",1,"Control","CT",1652666,0.561426632751112,0.0266743533425326,0.03566152404759,0.376237489858765,0.0105467863028909,0.879680366896779,0.0534487356051355,0.0563241111951947,0.589350265435337,0.0277337398355493,0.0382094281460862,0.344706566583027,0.977675818054052,0.0223241819459478,0,0.967367263860875,0.0316979757214411,0,0.00093476041768339,0.928923015615745,0,0,0.0710769843842547,NA,0.502711857912698,0.141104724950122,0.226440683948295,0.100725986320747,0.0290167468681375,0.430304372970716,0.174615364084003,0.24015714677986,0.12144871053643,0.0334744056289911,0.844129965789249,0.13634336728163,0,0.0195266669291212,0.564090627285795,0.137609987527779,0.178912892994045,0.0986441938717869,0.0207422983205944,NA,1,0,0,0,0.911990041676188,0,0.0751270045475482,0.0128829537762642,1,0,0,0,0.962556516994387,0,0,0.0374434830056126,0.456777975828864,0.164861749571285,0.225006986541324,0.124327665140496,0.0290256229180307,0.46076844077638,0.159508910697752,0.232665405985871,0.119748897495402,0.0273083450445948,0.00573564545767186,0.644478814795256,0.140821197120868,0,0,0.208964342626204,0.435808455047851,0.11097802335683,0.276038915577896,0.0991884996220207,0.0619582710747229,0.0160278353206789,0.609760488324741,0.084135852062639,0.203999278255769,0.0607702676030081,0.0325349215105495,0.00879919224329346,0.983130153297097,0,0,0.0168698467029031,0.36256457248241,0.106515143128392,0.276583309715336,0.121090660033904,0.0853881883293051,0.0408979620271483,0.00696016428350411,NA,1,0,0
"X220622.Mutant.1.Cereb",1,"Mutant","CB",2538482,0.687226047782414,0.0189324944437575,0.0270297725822993,0.266811685191529,0.0150443753332574,0.933804517756121,0.0285581627807881,0.0225929441298333,0.766067738299918,0.0131171129194882,0.0194898335213804,0.201325315259213,0.984888792356248,0.0151112076437524,0,0.992492044847445,0,0.00432574506351334,0.00318221008904184,1,0,0,0,NA,0.783806099724412,0.0811023073022783,0.106612238032956,0.0234770033521358,0.0050023515882181,0.780370792401381,0.0777779402897343,0.101915798605957,0.0351575429712498,0.00477792573167748,0.85870760532731,0,0.14129239467269,0,0.866603710705385,0.0499296589025165,0.0503838935719467,0.0294710909788526,0.00361164584129882,NA,0.992215862520354,0.00671375460027015,0,0.00107038287937552,1,0,0,0,1,0,0,0,1,0,0,0,0.868075912059528,0.0444952519392819,0.0491210934778478,0.0354952848850253,0.0028124576383172,0.94923488781844,0.0199352754652147,0.0172421129676185,0.0122572231525064,0.00133050059622069,0.149649882446258,0,0,0.0170171832003061,0.562286615662717,0.271046318690719,0.849974079571568,0.0389374818425567,0.0871826670757865,0.0162755229183735,0.0062731821445982,0.00135706644711738,0.901115356465813,0.0287802747120498,0.0545857046888777,0.0125100270481824,0.00234681156555289,0.000661825519523863,0.979024838088275,0,0.00274253896142951,0.0182326229502958,0.737099748977451,0.0545123264209873,0.141748666052043,0.0428691552034691,0.0177808651655178,0.00598923818053148,0,NA,1,0,0
"X220622.Mutant.1.Cortex",1,"Mutant","CT",3200395,0.699609152953972,0.0178293438440588,0.0233866837493138,0.259174819452655,0.0101192444167085,0.943679240800952,0.0257705897330528,0.0204309250492865,0.774417442759015,0.0105676543101934,0.0178616300567239,0.197153272874068,0.989816663153551,0.010183336846449,0,0.974984241309737,0.0218089458782537,0.00254495811209747,0.000661854699911518,1,0,0,0,NA,0.874218443310603,0.0415614193495584,0.0729331155574213,0.00947069347717652,0.00181632830524087,0.762135580332835,0.092555439174256,0.111057954494076,0.0302351471444268,0.00401587885440613,1,0,0,0,0.862359858172834,0.0491591272460211,0.0602987725392148,0.0250719712632139,0.00311027077871579,NA,1,0,0,0,1,0,0,0,1,0,0,0,1,0,0,0,0.861033248061418,0.0487219950929093,0.0578202387719272,0.029072188855337,0.00335232921840827,0.901869052179891,0.0304813743265874,0.0444978683723053,0.0215242717210253,0.0016274334001906,0.0128920205345171,0,0.899878257040174,0,0,0.0872297224253089,0.812444821885794,0.0428408878930609,0.119211063799518,0.0166884941789578,0.00743502178074178,0.00137971046192674,0.908443465358782,0.0223291014146845,0.0571483403846363,0.00882572244558072,0.00251767171284523,0.000735698683471443,1,0,0,0,0.703136972643211,0.062026643201365,0.175621592157146,0.0359075626838809,0.0172444221273048,0.00539649969265033,0.000666307494441571,NA,1,0,0
"X220622.Mutant.1.Hippo",1,"Mutant","HP",1707377,0.78280086322304,0.0115813784664102,0.0156337247743159,0.189984033536234,0.00985013744546017,0.956848479433834,0.0214764171815076,0.0118249659391984,0.833058462393071,0.00731114294875831,0.0115554330137961,0.148074961644375,0.994910132047859,0.00508986795214087,0,0.985938015009983,0.0140619849900173,0,0,1,0,0,0,NA,0.930524093960287,0.0210135149437536,0.0438183694600404,0.00337018665126822,0.00127383498465118,0.911930552260401,0.0211396838081658,0.0461222355941735,0.0190781850445143,0.00172934329274554,1,0,0,0,0.930703176822926,0.0223938946976118,0.0263468248479301,0.0187974848287831,0.00175861880274867,NA,0.999101392995294,0.000898607004706202,0,0,1,0,0,0,1,0,0,0,1,0,0,0,0.933713360392196,0.0214525086087772,0.0202684624685936,0.020159385281668,0.00440628324876513,0.956620645386862,0.0115809391074965,0.0155093208518051,0.0153761094818492,0.000912985171987055,0.00883776732871176,0.607217598908816,0,0.366680487109859,0.0172641466526128,0,0.917975364130996,0.0174785556008358,0.0571504185462061,0.00611071623700883,0.000173722427474143,0.00111122305747876,0.931590614023455,0.0180717321062053,0.0412073105610032,0.00744488179112397,0.00168546151821251,NA,0.709143299308776,0.00879832209577473,0.0390065513415288,0.24305182725392,0.835759586078741,0.0366083595544708,0.0978420965281663,0.0172403670245832,0.00662032989231406,0.00267270377777957,0.00325655714394481,NA,1,0,0
"X220622.Mutant.2.Cereb",1,"Mutant","CB",3732654,0.555692615157127,0.015425102595286,0.0281337519698803,0.400748530277707,0.00931429762559087,0.932088735577367,0.0272641804770138,0.0313327863200283,0.642615172640203,0.00999557724524397,0.0224860254625532,0.324903224652,0.986430906810821,0.0135690931891791,0,0.990547300459831,0.00562860873716438,0,0.00382409080300518,0.0754756137288538,0.895357002231907,0.0291673840392389,0,NA,0.760505879053674,0.0698535353469398,0.122207053014892,0.036888695248082,0.010544837336413,0.678251159555523,0.0986185373238916,0.141728764857316,0.0646773314098364,0.0167242068534336,1,0,0,0,0.83745463746051,0.0509550312175449,0.0525188354888411,0.0502477201737595,0.00882377565934482,NA,0.991839897895146,0.00034968292994579,2.48669437596479e-05,0.00778555223114827,1,0,0,0,1,0,0,0,1,0,0,0,0.805957598325819,0.0551307668107301,0.0738570292113983,0.057192624566189,0.00786198108586352,0.946005335715219,0.0190041127538078,0.0169422966887197,0.0161265644077391,0.00192169043451405,0.0236681926329546,0,0.000481311193143073,0.906595335756251,0.036200982770693,0.0330541776469582,0.788787916389749,0.0385632241549004,0.118375641845745,0.0308119619083067,0.0179533058696362,0.00550794983166255,0.887580635795043,0.0218191720989659,0.0664752145604515,0.0168534196262872,0.00544214266673935,0.00182941525251333,0.966771395204483,0.000633785023205825,0.0198818577626821,0.0127129620096296,0.596979744319666,0.0544785200059756,0.213743751852998,0.0619260679080655,0.0500790472206891,0.0198544211482002,0.00293844754440581,NA,1,0,0
"X220622.Mutant.2.Cortex",1,"Mutant","CT",4172271,0.599605119536608,0.0128379986299795,0.0243645259222475,0.363192355911165,0.0064485701208999,0.946327868827954,0.0234811220642923,0.0237424389868541,0.693513380222043,0.00762730721114311,0.0184578325180207,0.280401480048793,0.98881148353896,0.0111885164610398,0,0.985330021227012,0.0121636732794016,0.00180418802646322,0.000702117467123065,1,0,0,0,NA,0.848914488025248,0.0410156257339215,0.0838650316058522,0.0210036804921449,0.0052011741428336,0.704277736147615,0.0813320102551068,0.142998727324417,0.0603958161686056,0.0109957101042555,1,0,0,0,0.8571848413686,0.0435798842419161,0.0603680457216233,0.0333670116625122,0.00550021700534806,NA,1,0,0,0,1,0,0,0,1,0,0,0,1,0,0,0,0.858603561402873,0.0358136575123908,0.0611597601870977,0.0401338967453301,0.00428912415230844,0.908579344121134,0.0239850899356735,0.0379822805314941,0.0262358220585037,0.00321746335319458,0.0452391252469139,0,0,0.00514058757038449,0.791024435493243,0.158595851689458,0.785859187974279,0.0368497984736539,0.132420932306233,0.0261154379994938,0.0151021698460323,0.00365247340030841,0.913195160562425,0.0165287078062132,0.0556212455800167,0.00896515885963317,0.00447530492258946,0.00121442226912226,0.999529581457524,0,0,0.00047041854247588,0.622087234441433,0.0523026023542407,0.218016340878439,0.0510781530390938,0.0393499621194708,0.0148897703723026,0.00227593679501999,NA,1,0,0
"X220622.Mutant.2.Hippo",1,"Mutant","HP",5773109,0.722747487323623,0.00817355890827425,0.0162561500868044,0.252822803681299,0.00598332542717078,0.956898063039632,0.0234470938745526,0.0136715176586446,0.795780963817275,0.00848789540334964,0.0126089839425158,0.183122156836859,0.993016520188777,0.00698347981122269,0,0.980949780407358,0.0171541049369324,0.00129022147273039,0.000605893182979349,1,0,0,0,NA,0.947672940104844,0.0133576049597143,0.0326212420380755,0.00541171871982633,0.000936494177539534,0.934188700954438,0.0132701986282311,0.0397371544042042,0.0112583274393302,0.00154561857379609,1,0,0,0,0.92965089840092,0.0235362113338815,0.023226356912988,0.0207660884795652,0.00282044487264494,NA,1,0,0,0,1,0,0,0,1,0,0,0,1,0,0,0,0.9293240506625,0.0187502164717382,0.0208965215208289,0.0276116609864939,0.00341755035843879,0.960955995595382,0.010323390225736,0.0110885964830409,0.0164802513465557,0.00115176634928581,0.00743670967445682,0,0.00410585415836634,0.988457436167177,0,0,0.942034632941009,0.000498237533114694,0.048833208590717,0.0059531615978171,0.00200438713600127,0.000676372201340973,0.972149815075146,0.0066230201501923,0.0173048928036216,0.00280495549119239,0.00110267198616658,1.46444936812973e-05,1,0,0,0,0.85460658379554,0.0228794527116016,0.0946770428491865,0.0164714106846567,0.00813919240250077,0.00322631755651403,0,NA,1,0,0
"X230426.Control.4.CB.Imscope.13C",1,"Control","CB",2272773,0.566985117769263,0.0396876515159593,0.0450761178773617,0.348251112837416,NA,NA,NA,NA,0.60576812236145,0.0394489397507703,0.0393052042487051,0.315477733639075,NA,NA,NA,NA,NA,NA,NA,NA,NA,NA,NA,1,0.323006578324185,0.202668024856684,0.256776806753715,0.160470070924518,0.0570785191408975,0.404053206390552,0.185918015054375,0.237814540615227,0.131367675246171,0.0408465626936738,NA,NA,NA,NA,0.481263463866236,0.167644106793465,0.202839078697301,0.116421584265415,0.0318317663775822,NA,NA,NA,NA,NA,NA,NA,NA,NA,NA,NA,NA,NA,NA,NA,NA,NA,0.417318705144916,0.194327138602615,0.225193185250744,0.128665470613897,0.034495500387828,0.433492226456973,0.174142173582823,0.228157396405031,0.128824903105598,0.0353833004495742,NA,NA,NA,NA,NA,NA,0.426417822714513,0.118293280507485,0.266897615462474,0.104630442078858,0.0647826354056188,0.0189782038310514,0.620387842781191,0.0910953828984456,0.181734699771439,0.0650598240771978,0.0311664422291445,0.010555808242583,NA,NA,NA,NA,0.345304217422188,0.128108416282678,0.252275272462005,0.135629004522531,0.0903118475113635,0.0390701791119232,0.00930106268731141,NA,NA,NA,NA
"X230426.Control.4.CT.Imscope.13C",1,"Control","CT",2261075,0.565693073279091,0.0391225800980624,0.0446512511905922,0.350533095432254,NA,NA,NA,NA,0.547643817071055,0.0396014493042948,0.04604275559521,0.366711978029441,NA,NA,NA,NA,NA,NA,NA,NA,NA,NA,NA,1,0.468733883824984,0.152696829068362,0.234724234884378,0.109600015728128,0.0342450364941478,0.422710128791271,0.174830612518069,0.240357263134575,0.127632448058906,0.0344695474971788,NA,NA,NA,NA,0.507035909634713,0.157340749346485,0.201295045868269,0.107625876327144,0.026702418823388,NA,NA,NA,NA,NA,NA,NA,NA,NA,NA,NA,NA,NA,NA,NA,NA,NA,0.433395110071965,0.184067167261407,0.229647750166423,0.12315164473205,0.0297383277681549,0.451859629435332,0.167886620288292,0.228570772247827,0.121718729639284,0.0299642483892654,NA,NA,NA,NA,NA,NA,0.440063034302147,0.113996843303373,0.26497767924769,0.101076586270113,0.0628432684132125,0.0170425884634653,0.580771404061521,0.0887068532061481,0.21137234066989,0.0698355124785699,0.0373291750698727,0.0119847145139982,NA,NA,NA,NA,0.347058201150728,0.114816741785881,0.269868924111078,0.127695691325217,0.0915026913920947,0.0403551400705557,0.00870261016444657,NA,NA,NA,NA
"X230426.Control.4.HP.Imscope.13C",1,"Control","HP",2936242,0.572329600120111,0.037158500702052,0.0435415998325697,0.346970299345268,NA,NA,NA,NA,0.544584295336616,0.0404889270968411,0.0497763562397501,0.365150421326793,NA,NA,NA,NA,NA,NA,NA,NA,NA,NA,NA,1,0.522948926409735,0.137862032343639,0.217079902455474,0.0932501360333318,0.0288590027578206,0.473986760128483,0.160303508873064,0.228358621003104,0.110577073458826,0.0267740365365234,NA,NA,NA,NA,0.553568256485598,0.146763129130353,0.184272552353121,0.0931048325214973,0.0222912295094304,NA,NA,NA,NA,NA,NA,NA,NA,NA,NA,NA,NA,NA,NA,NA,NA,NA,0.498545362880555,0.16402521931243,0.207942263463734,0.104492226073655,0.0249949282696267,0.505634001333522,0.152914570305931,0.212868058070187,0.10459629671875,0.0239870735716103,NA,NA,NA,NA,NA,NA,0.516619483508967,0.0994781659623908,0.244535202956129,0.078987601072003,0.0480945990925974,0.0122849474079134,0.620156065882922,0.0814979883244835,0.19369393391013,0.0623009307397529,0.03150588737375,0.0108451937689618,NA,NA,NA,NA,0.405692886286926,0.110889487989913,0.269525141230428,0.103400639192074,0.0758450137323705,0.0302920437122292,0.00435478785605926,NA,NA,NA,NA
"X230426.Mutant.5.CB.Imscope.13C",1,"Mutant","CB",2344997,0.499442989160236,0.0226590267233602,0.0391397976332358,0.438758186483168,NA,NA,NA,NA,0.552801075995562,0.0229712277347282,0.0352181160838082,0.389009580185901,NA,NA,NA,NA,NA,NA,NA,NA,NA,NA,NA,1,0.60557424463319,0.123185228483551,0.169459059677928,0.0746031181748265,0.027178349030504,0.689161643398359,0.0987439802865232,0.123436522505096,0.0716154629165687,0.0170423908934526,NA,NA,NA,NA,0.789872813472269,0.0698156357207687,0.0702663029514525,0.0592544251854377,0.0107908226700722,NA,NA,NA,NA,NA,NA,NA,NA,NA,NA,NA,NA,NA,NA,NA,NA,NA,0.760459898512525,0.0839006567529282,0.0761613257102403,0.0680357735109659,0.01144234551334,0.858512172717217,0.0483939298050094,0.0455227721828124,0.0410587600687734,0.00651236522618778,NA,NA,NA,NA,NA,NA,0.783787770765885,0.0517601314235402,0.0955578886433283,0.0421436301190052,0.0197517731006991,0.00699880594754195,0.85136520143075,0.0468417375854058,0.0703148971747637,0.0265862571036545,0.00363794849507361,0.00125395821035275,NA,NA,NA,NA,0.643616034597002,0.0749737088628085,0.150682635970802,0.0743633890639966,0.0363307780689926,0.0162934802675445,0.00373997316885404,NA,NA,NA,NA
"X230426.Mutant.5.CT.Imscope.13C",1,"Mutant","CT",2733030,0.48546541448766,0.0229904718812385,0.0387853831712148,0.452758730459887,NA,NA,NA,NA,0.529980945314242,0.0194035864697408,0.035267252365745,0.415348215850272,NA,NA,NA,NA,NA,NA,NA,NA,NA,NA,NA,1,0.708780452055844,0.0839810491096343,0.143941651119712,0.0474083712496361,0.0158884764651733,0.627302161261878,0.111942503819285,0.16389395901176,0.0787707826409582,0.0180905932661178,NA,NA,NA,NA,0.754242440915961,0.0768077241801409,0.0951013025607847,0.0633233802715794,0.0105251520715336,NA,NA,NA,NA,NA,NA,NA,NA,NA,NA,NA,NA,NA,NA,NA,NA,NA,0.735666315747528,0.0780775602720639,0.106241756906838,0.069906622829278,0.0101077442442915,0.762881867632227,0.0703395215278479,0.0929565871970994,0.0637939045934039,0.0100281190494215,NA,NA,NA,NA,NA,NA,0.702533582913842,0.0616523371870957,0.157028583592023,0.0469164543126779,0.0246156351239231,0.00725340687043781,0.79478141314908,0.0480523279174267,0.114801879276012,0.0303703083389086,0.00943178983154122,0.00256228148703172,NA,NA,NA,NA,0.601615079118367,0.0639400377783245,0.197510007021563,0.0718755135994794,0.0438751871749522,0.0166650790171347,0.00451909629017973,NA,NA,NA,NA
"X230426.Mutant.5.HP.Imscope.13C",1,"Mutant","HP",3045728,0.537357071831315,0.019490361321145,0.0349516099813394,0.408200956866201,NA,NA,NA,NA,0.570028052935426,0.01755647090638,0.0322231706995683,0.380192305458626,NA,NA,NA,NA,NA,NA,NA,NA,NA,NA,NA,1,0.802343600579442,0.0527896410682313,0.111564142498482,0.0255192683350156,0.00778334751882895,0.761758775267913,0.0671424200009583,0.107135290862398,0.055816463297409,0.00814705057132101,NA,NA,NA,NA,0.818744930996684,0.0504407225123557,0.0614575866406887,0.0621434268165762,0.00721333303369565,NA,NA,NA,NA,NA,NA,NA,NA,NA,NA,NA,NA,NA,NA,NA,NA,NA,0.824726103988405,0.0377516632630205,0.0620327083104958,0.0670319772487793,0.00845754718929894,0.851582231271893,0.037717777840644,0.049774788650352,0.0561489508226339,0.00477625141447751,NA,NA,NA,NA,NA,NA,0.851137184250098,0.0310258633723681,0.0836083313820518,0.0228313101310274,0.00898633522179455,0.00241097564266043,0.858916837525244,0.0362271045583333,0.0786807488718912,0.0219686326682855,0.00323623751787048,0.000970438858375415,NA,NA,NA,NA,0.758911770775379,0.0482045404801353,0.122276861976324,0.0434654391500597,0.0176930727510132,0.00855425563535075,0.000894059231738161,NA,NA,NA,NA
"X231127.IMScope.C5.CB.CAC_SIM_20x",1,"Control","CB",1378805,0.573742044219886,0.0376257992550488,0.0456501500876545,0.342982006437411,0.116065471392638,0.830166344973844,0.0537681836335185,0,0.635938875840773,0.0425621644787493,0.0339592209542719,0.287539738726206,0.972276972135851,0.0277230278641491,0,0.9721348122223,0.0204239260583393,0,0.00744126171936057,0.882728334661929,0.0179471660119353,0.00173946487089245,0.0975850344552431,1,0.380417276760196,0.199027835321792,0.244387835827434,0.134269031723467,0.0418980203671107,0.465134921223174,0.175755553379178,0.224758954425534,0.106115637612955,0.0282349333591581,0.863755176736187,0.0499452547584007,0.0628261234554031,0.0234734450500088,0.575321667038585,0.140486193387607,0.173059965451818,0.0912887801382946,0.0198433939836954,NA,0.995834491310343,0.0041655086896574,0,0,0.904212543208273,0.0370333623920829,0.0128098922485038,0.0459442021511402,0.112670053015991,0.887329946984009,0,NA,1,0,0,0,0.508310380122523,0.164376091027654,0.200756303921693,0.102506844321843,0.0240503806062867,0.510905753126305,0.155154690416436,0.206178788264945,0.103205545798836,0.0245552223934784,0.00207494816151254,2.6777453717818e-05,0.000563179993427243,0.000235326627986943,0.00979728849584068,0.987302479267515,0.488720325674541,0.110608572528447,0.255440383036205,0.0837255703147689,0.0489272689769644,0.0125778794690736,0.680141898466925,0.0803540185030796,0.161250443579695,0.0496718573324205,0.0220834893149707,0.00649829280290872,0.0480540835016233,0.471196894603577,0.00537799449813051,0.475371027396669,0.406461588429558,0.123833679034597,0.253246672733674,0.113283473202675,0.0708119187643873,0.0272171746872032,0.00514549314790542,0.889631000688438,0,0.0181502169818947,0.0922187823296668
"X231127.IMScope.C5.CT.CAC_SIM_20x",1,"Control","CT",1231344,0.582484779926076,0.0399266605366382,0.0446484126117452,0.33294014692554,0.030732721627743,0.851195406539231,0.0597811431424266,0.0582907286905993,0.594828298698922,0.0340441205521624,0.0406836049702779,0.330443975778638,0.971925021291294,0.0280749787087063,0,0.970898524249555,0.0239957228423698,0,0.00510575290807521,0.896981537065398,0.0522255916335075,0,0.0507928713010946,1,0.46045041402973,0.166864330499834,0.231154344657883,0.108795849334251,0.0327350614783028,0.417759770920009,0.188406147113702,0.235092650159059,0.127269297758956,0.0314721340482744,0.900597980399065,0.0371948711388154,0.0417832882385632,0.0204238602235562,0.505537983014904,0.162955413671801,0.199422402862653,0.10742350085521,0.0246606995954311,NA,0.994279482911168,0.00572051708883154,0,0,0.929404006200082,0.0172472401831048,0.00731145026872343,0.0460373033480896,0.808983020662985,0.0546326114243289,0.136384367912686,NA,0.880829484048484,0,0,0.119170515951516,0.439047373816978,0.183422193446976,0.226194582137194,0.124205373278574,0.0271304773202779,0.440063779041885,0.178608452523238,0.229955802243995,0.123088557869407,0.028283408321475,0.000504607337737981,3.66291961447412e-05,0.000176935720406677,0.0226986218931582,0.000786371654957136,0.975796834197595,0.405186296947711,0.13042561152453,0.273774818275242,0.108602425355458,0.0651305722091302,0.0168802756879286,0.554112156297573,0.0979519275281904,0.22654249440635,0.0721099096709266,0.0385581907524553,0.010725321344505,0.232853409753677,0,0.126370526036433,0.64077606420989,0.355652929963012,0.115542333688884,0.268206209818996,0.127962608116595,0.0890913866522518,0.035909634010385,0.00763489774987655,0.946638339409444,0,0,0.053361660590556
"X231127.IMScope.C5.HP.CAC_SIM_20x",1,"Control","HP",1470672,0.597525063465281,0.0351259929443592,0.0424154832307897,0.32493346035957,0.0256681561883658,0.850460764135816,0.0613222381140909,0.0625488415617268,0.591331478762002,0.0348387249767256,0.0435125500397375,0.330317246221535,0.971931439512474,0.028068560487526,0,0.972256964484696,0.0217959111400459,0,0.00594712437525802,0.942923041553099,0,0,0.0570769584469006,1,0.567562161851717,0.129127662378405,0.199773012369975,0.0806639747384994,0.0228731886614034,0.506311904926071,0.159303795988819,0.211348102622883,0.100261924553711,0.0227742719085156,0.916951390990257,0.0379221650444922,0.0339979244404322,0.0111285195248191,0.583015693046815,0.138175898905407,0.175486301938783,0.0864341336090508,0.0168879724999445,NA,0.99008438067134,0.00017154994437053,0,0.00974406938428995,0.930157414170235,0.0171371202666645,0.00760609060284008,0.0450993749602601,0.76367083277753,0,0.23632916722247,NA,1,0,0,0,0.533385516466777,0.158793422894726,0.194748999691371,0.0961804115000542,0.0168916494470718,0.536649338900647,0.146293463531897,0.203049081030707,0.094331382622453,0.0196767339142956,0,0.804801944611059,0,0,0,0.195198055388941,0.529489114551426,0.101172165547217,0.241550204265664,0.0741589147532386,0.0434499958919406,0.0101796049905147,0.644528175444267,0.0764923781632794,0.189393482476644,0.0544686002568236,0.0268954398625705,0.00822192379641576,0.15349527641688,0.0334552151872713,0.110891027650196,0.702158480745652,0.447055279463013,0.105037935409417,0.255572804353807,0.0964105620393538,0.0691118502820354,0.0234328383014145,0.00337873015095885,0.977717682813201,0,0,0.0222823171867993
"X231127.IMScope.C6.CB.CAC_SIM_20x",1,"Control","CB",1128611,0.556683704439557,0.0363250906880512,0.0449361497503117,0.36205505512208,0.125917375453829,0.818085934766054,0.0559966897801167,0,0.603572677247354,0.0418135383124691,0.0363134849509025,0.318300299489274,0.971910889320907,0.0280891106790932,0,0.967274931847572,0.0235201848226119,0,0.00920488332981594,0.929170587883685,0,0.0154370158917065,0.0553923962246081,1,0.368150390433026,0.185644502877727,0.249463031445189,0.147865685075055,0.0488763901690027,0.438349379171317,0.166878257244174,0.238267952384648,0.120406752441883,0.0360976587579785,0.870119983176633,0.0411063413403937,0.0649410737571546,0.0238326017258184,0.54626943394712,0.141214882591959,0.187505124579566,0.100427750560705,0.0245828083206503,NA,0.990976021231981,0.00613460360510059,0,0.00288937516291804,0.881561629180134,0.0400549141015029,0.017845189493185,0.0605382672251781,0.130581332850921,0.869418667149079,0,NA,0.992458231407415,0,0,0.00754176859258532,0.48214103570033,0.160904475685874,0.210867085806204,0.117398965481088,0.0286884373265042,0.490930707884491,0.149014340459526,0.217158403113236,0.115542036436845,0.0273545121059015,0.00123225492156949,0.000170836740990673,0.000570843158764574,0.000170067556145267,0.0115506032258322,0.986305394396698,0.47656512621769,0.102815505873563,0.260457804247318,0.0892847304780856,0.0559648206062842,0.0149120125770589,0.686562699859775,0.0742868711828465,0.157490027698171,0.0506343734037618,0.0234933948462218,0.00753263300922444,0.126555320469691,0.470824871345684,0.046347847701513,0.356271960483112,0.38809137066095,0.111071435905372,0.262475565838161,0.118468767072378,0.0755009591746027,0.0355775784965156,0.00881432285202128,0.926746212793727,0,0.0057138448922081,0.067539942314065
"X231127.IMScope.C6.CT.CAC_SIM_20x",1,"Control","CT",1197068,0.564320027993116,0.0367554571883902,0.0438029687927557,0.355121546025738,0.0386844080982661,0.832570881356964,0.0610821229399276,0.0676625876048428,0.554261695672548,0.0336134453184721,0.0447243457929134,0.367400513216067,0.97078134397097,0.0292186560290298,0,0.97740892078055,0.0174504931986854,0,0.00514058602076497,1,0,0,0,1,0.466252772749302,0.149868587875435,0.2323210280453,0.114701562111446,0.0368560492185161,0.416000915714343,0.173401009085346,0.241953240690513,0.134746171939401,0.033898662570397,0.902956936682865,0.0383878963639793,0.0410636288127778,0.0175915381403774,0.500884399978378,0.153705459611448,0.20615986921507,0.113982415966455,0.0252678552286494,NA,0.995730813948309,0.00426918605169081,0,0,0.921252063668035,0.0160509437269781,0.00926291063693734,0.0534340819680496,0.420837986021778,0.579162013978222,0,NA,0.989418300555059,0,0,0.0105816994449408,0.436148351566366,0.176807930723539,0.229105394497972,0.130006755688788,0.0279315675233347,0.440398622369003,0.16499860995843,0.236010872699116,0.128960633186683,0.0296312617867681,0.000414360920252465,7.20715879778506e-05,0.000324921273117515,0.0237040634595528,0.000946600694458611,0.974537982064641,0.40863719083725,0.116977571208706,0.277117423005913,0.108975087348453,0.0698893259108103,0.0184034016888689,0.57372814417814,0.0880352440561738,0.21962803719432,0.0689853762829303,0.038398972735005,0.0112242255534309,0.460744245286644,0.0577578320842459,0.0511499921020239,0.430347930527086,0.341644707536911,0.101350973397911,0.278390015729692,0.129265167430479,0.0991583745129866,0.041622902862146,0.00856785852987515,0.981580430665064,0,0,0.0184195693349361
"X231127.IMScope.C6.HP.CAC_SIM_20x",1,"Control","HP",1311946,0.572357277272909,0.0356037650974713,0.0425956227720487,0.349443334857571,0.0354731908274585,0.833673039292925,0.064350049668681,0.0665037202109354,0.553525260667646,0.0356017462623908,0.04388662478949,0.366986368280474,0.975084125273807,0.024915874726193,0,0.97242911058994,0.0222499379360058,0,0.00532095147405424,0.959107184689231,0,0,0.0408928153107694,1,0.545315654267032,0.126453450151266,0.213274477250903,0.0894132347450221,0.025543183585777,0.498272616998262,0.148495447679489,0.221907620779272,0.106824853800607,0.0244994607423698,0.936879103765784,0.0214326798188709,0.0318926416254866,0.00979557478985877,0.571786966172507,0.132433982270082,0.185637062536941,0.0922247341321437,0.0179172548883261,NA,0.995587779923412,0.00246001980462027,0,0.00195220027196749,0.926829351121786,0.015923199662071,0.00836597204627095,0.0488814771698722,0.386903141052893,0.613096858947107,0,NA,0.966656031230657,0,0,0.0333439687693434,0.534540004995369,0.143935042359917,0.198434332279735,0.103730548350248,0.0193600720147304,0.530473350836693,0.138549598493019,0.212445489126954,0.0991721320361335,0.0193594295072,0,0.789176848127948,0,0,0,0.210823151872052,0.514613305495408,0.0963354495621974,0.251606599383607,0.0771956449481742,0.0489000668538624,0.0113489337567506,0.652026596709169,0.0730233522534272,0.186671851590296,0.052679046623696,0.027566032900128,0.00803311992328371,0.474860122010787,0.0266573065960223,0.0441482421750379,0.454334329218153,0.409357133760564,0.101960368085165,0.275248684141634,0.104156212429544,0.0760265524228576,0.0287053257581076,0.00454572340212791,0.947606218406388,0,0.00307675896854344,0.0493170226250683
"X231127.IMScope.C8.CB.CAC_SIM_20x",1,"Control","CB",1225843,0.573177650471871,0.0381308927663506,0.0436695700262718,0.345021886735507,0.429101930879096,0.0148085296907991,0.500665546388413,0.0554239930416919,0.637829433345919,0.0330831666074784,0.0342358215261971,0.294851578520405,0.974380919634726,0.0256190803652741,0,0.977648534542574,0.0153211662337713,0,0.00703029922365453,0.92459881640363,0,0,0.0754011835963702,1,0.364086345635633,0.194201228858357,0.247860814974063,0.145203103704504,0.0486485068274421,0.434968242605444,0.178620153471966,0.233786382330537,0.120185312880759,0.0324399087112939,0.861950019601792,0.0535718823764249,0.0620986987512087,0.0223793992705745,0.543919611215325,0.141309147014888,0.183873386652589,0.105245650057623,0.0256522050595754,NA,0.991477368107151,0.00345287487910762,0,0.00506975701374176,0.912621570759915,0.0295375513910305,0.0106919489714986,0.0471489288775562,0.135151907035014,0.864848092964986,0,NA,1,0,0,0,0.477001789166862,0.158441890508039,0.206478951513981,0.125996876648388,0.0320804921627289,0.478899416934746,0.15616288258907,0.21964656801051,0.117031291374698,0.0282598410909755,0.00225427462995408,0.000458893649056693,0.000965548089254754,0.00041143242505417,0.000248224608752098,0.995661626597928,0.47136379065558,0.107024496083954,0.261275236064387,0.0901559237510254,0.0555404871839417,0.0146400662611121,0.666350234965508,0.0800460806761483,0.166593351801883,0.0533132735824454,0.0259323953292494,0.00776466364476572,0.502824021348092,0.0546205595782369,0,0.442555419073671,0.40556564625744,0.117924205044297,0.251497652407298,0.115456785015458,0.0702427922094956,0.0316446723941022,0.00766824667190839,0.908028042698853,0,0.000538399192735569,0.0914335581084117
"X231127.IMScope.C8.CT.CAC_SIM_20x",1,"Control","CT",1256069,0.592907586529613,0.0387984064596842,0.0414058657629881,0.326888141247715,0.0349355270504534,0.855436563733837,0.0545341647248842,0.0550937444908254,0.592037137454712,0.0301654042219194,0.038068269976486,0.339729188346883,0.9769298307167,0.0230701692832999,0,0.9780343195276,0.018601429364477,0,0.0033642511079225,0.943510018616029,0,0,0.056489981383971,1,0.451986453046271,0.159284734622369,0.236648985792722,0.114786190974545,0.037293635564092,0.406411173876052,0.182720559201326,0.243277603623007,0.132747857568227,0.0348428057313883,0.901386200551274,0.0382754109883619,0.0403005899800295,0.0200377984803341,0.508181760324444,0.150490869922378,0.19998194673901,0.114409929826148,0.0269354931880206,NA,0.995208120320731,0.00244569006611988,0,0.00234618961314954,0.931905387360983,0.014285197631347,0.00688891131153143,0.0469205036961382,0.718258871257445,0,0.281741128742555,NA,1,0,0,NA,0.426212542691059,0.175028410653054,0.235326793951739,0.13147757506786,0.0319546776362875,0.426824206296458,0.171620282191141,0.238518006970572,0.13189408752059,0.031143417021239,0.000435444681689852,1.70411728993483e-05,0.000205570968935001,0.00012151775084247,0.00969186018930269,0.989528565236331,0.402984374682368,0.121523433683275,0.277629788842637,0.109935470869587,0.0695619747543648,0.0183649571677694,0.563333666524079,0.0902193171888811,0.224730987068553,0.0701912052599972,0.0400658426449641,0.0114589813135249,0.563888167650223,0,0.0174787511261194,0.418633081223658,0.347944528897764,0.111551183251374,0.2700671024917,0.130139023508246,0.0930504196561192,0.0392370893837726,0.00801065281102424,0.94685498365674,0,0.00939740728964482,0.0437476090536149
"X231127.IMScope.C8.HP.CAC_SIM_20x",1,"Control","HP",1400547,0.616744664885886,0.0308547378769449,0.0374865487810543,0.314914048456115,0.0385615723452761,0.846883230506526,0.0603554659906182,0.0541997311575799,0.592772342216185,0.0347016994378828,0.037732700809176,0.334793257536756,0.979159158739129,0.0208408412608715,0,0.973985435875487,0.0143502362871151,0,0.0116643278373977,0.949285110407765,0.0255960570322246,0,0.0251188325600108,1,0.588500956375112,0.117547001701995,0.194096122731483,0.0766168688326773,0.0232390503587318,0.51611389706708,0.147694605462246,0.218129661357976,0.0952079571593454,0.022853878953353,0.949924623134737,0.0186705240914901,0.0198209252583622,0.0115839275154103,0.584265867720092,0.13328511538506,0.177107499422948,0.0888378728673538,0.0165036446045464,NA,0.959475143918772,0.00423287616914251,0,0.0362919799120852,0.934359095549359,0.016282941142177,0.0055840177112054,0.0437739455972588,0.390189337086174,0.57364394006282,0.0361667228510062,NA,0.984790278478364,0,0,0.0152097215216364,0.545255157013442,0.137764503075004,0.19834405168253,0.101080535905501,0.0175557523235233,0.540358620488763,0.137011004038445,0.207761125451514,0.0964872083062185,0.0183820417150591,0,0.813386353500727,0,0,0,0.186613646499273,0.546780313240374,0.0907633498414222,0.239827067114873,0.069936202856105,0.042991941191197,0.00970112575602855,0.658761495759339,0.070895944795902,0.184416832051788,0.0511603178363815,0.0265782790093046,0.00818713054728549,0.363870407436239,0.429540295042293,0,0.206589297521468,0.436803131396101,0.107441072845346,0.264066497886303,0.0919251453060675,0.071052524920976,0.0247865712209968,0.00392505642421047,0.928148811731867,0,0,0.0718511882681333
"X231127.IMScope.C9.CB.CAC_SIM_20x",1,"Control","CB",1102276,0.603170323075428,0.0438276934297018,0.0441340959144305,0.30886788758044,0.141450320375582,0.815349731204173,0.0431999484202455,0,0.624023643516753,0.034989271247409,0.0398057196456265,0.301181365590212,0.972347009637374,0.0276529903626265,0,0.979637019068137,0.0134488299576185,0,0.00691415097424461,0.962513418079444,0,0,0.0374865819205565,1,0.32009697962649,0.194346867114396,0.258541912194112,0.164776229697421,0.0622380113675818,0.389008110825871,0.181339741463487,0.244948492818054,0.141671777009794,0.0430318778827938,0.847716948294561,0.0532028445694806,0.0700883178302518,0.0289918893057065,0.492419050028037,0.156560349429326,0.195836660958714,0.121315455955284,0.0338684836286392,NA,0.993390254482674,0.00324467960767201,0,0.00336506590965439,0.905630545241554,0.0331303021616036,0.0129212477496685,0.0483179048471736,0.108658543588028,0.891341456411972,0,NA,1,0,0,0,0.421757625385937,0.172575420954366,0.225809260415818,0.140233675932154,0.0396240173117235,0.414186186339777,0.169672317346268,0.236310411890786,0.139761540186325,0.0400695442368434,0.000872425063939324,3.25273735236227e-05,0.000486420051524961,0.000173565441721348,6.06256271017538e-05,0.998374436442189,0.410152857697895,0.113342626322452,0.273156916560561,0.110314663456458,0.0715536019150579,0.0214793340475758,0.5989449767477,0.0925362353422549,0.19050268446835,0.070906507675287,0.0349089861412953,0.0122006096251131,0.68697672912002,0,0,0.313023270879979,0.356701556654505,0.123482302783666,0.249230787842087,0.134803260695624,0.0871355177061351,0.037876014898707,0.0107705594192763,0.925833028277384,0,0,0.0741669717226157
"X231127.IMScope.C9.CT.CAC_SIM_20x",1,"Control","CT",1124586,0.624174646638625,0.0414837343725865,0.0415216836486695,0.292819935340119,0.0442209165434864,0.829925968580505,0.065368510951487,0.0604846039245219,0.584186639458362,0.0386613015763968,0.0421183403577417,0.3350337186075,0.973044894327826,0.0269551056721739,0,0.978047389140892,0.016002254676965,0,0.00595035618214333,0.99458737668948,0,0,0.00541262331052006,1,0.39796379331649,0.168439244672713,0.251724381690939,0.134655465003426,0.0472171153164319,0.362156898768632,0.188945566167672,0.251850096792993,0.153379879830963,0.0436675584397401,0.898289105046567,0.0377953118911691,0.0421214868008891,0.0217940962613745,0.452224673807311,0.16403818256897,0.215598055310517,0.13018141863868,0.0379576696745217,NA,0.99512559874529,0.00487440125471033,0,0,0.930501772010866,0.0152670432099409,0.00668816248326966,0.0475430222959236,0.806780021048007,0,0.193219978951993,NA,0.908793626802912,0,0,0.091206373197088,0.377670066174574,0.183055713779133,0.243852540300469,0.152607917465855,0.0428137622799691,0.376445452215335,0.179936722930073,0.248698717519376,0.152879805858505,0.0420393014767117,0.000293997681275183,0.000210784856387195,9.77550112803602e-05,0.000137062650257996,0.00722770488602637,0.992032694914773,0.35598576149393,0.125159315840511,0.281035705090379,0.128765098533838,0.0833773441439531,0.0256767748973896,0.501033819490376,0.100153918529728,0.242019794310666,0.0885417490050377,0.0515289779746119,0.016721740689581,0.691686220642729,0,0.0188201931943303,0.289493586162941,0.310382849091029,0.113832162198912,0.263285948684352,0.146260172936932,0.106504947832667,0.0474316377357847,0.0123022815203231,0.960644701269736,0,0,0.0393552987302637
"X231127.IMScope.C9.HP.CAC_SIM_20x",1,"Control","HP",1276202,0.634914261720844,0.0376527754848904,0.0393836241107955,0.28804933868347,0.0278886981058789,0.838983835427248,0.0703838998178807,0.0627435666489929,0.572430397594645,0.0404749593035771,0.0426750256053678,0.34441961749641,0.977327737759162,0.0226722622408377,0,0.97395001281593,0.0186846129880422,0,0.00736537419602811,0.955408628270645,0,3.27806250170506e-05,0.0445585911043385,1,0.512811839057581,0.132204663683009,0.220889872870924,0.101211832711829,0.0328817916766576,0.451522067611015,0.15972885160368,0.235738452696052,0.120797385993981,0.0322132420952718,0.925684029042158,0.0235969088443828,0.0364052222866807,0.0143138398267785,0.53403983988646,0.140898756628915,0.195821304290121,0.104081780744656,0.0251583184498478,NA,0.996039391544618,0.00396060845538206,0,0,0.932617517989752,0.0136812640931318,0.00727484272994781,0.0464263751871685,0.328951563537484,0.671048436462516,0,NA,0.908932182273443,0,0,0.091067817726557,0.482710198709441,0.153800087071621,0.221611111615375,0.114112455060204,0.0277661475433592,0.474810307179284,0.151742435028114,0.226777592416143,0.117725379099527,0.0289442862769323,0.000650502260460824,0.000430940330135373,7.32184844101972e-05,0.0382387934242136,0.0019258616690796,0.9586806838317,0.479720031931933,0.100378639483162,0.25718064297609,0.0903582787230971,0.0572437069841036,0.0151186999016148,0.593606190774478,0.0820437135149336,0.208219429776382,0.0675448567693667,0.0367546174556354,0.0118311917092047,0.355842388912544,0.303744444614772,0,0.340413166472684,0.386772019356746,0.10757786018405,0.268525200712054,0.115376065353351,0.0813967217422834,0.0325590596379078,0.00779307301360773,0.911907291511508,0,0.00671338444604153,0.0813793240424508
"X231127.IMScope.M6.CB.CAC_SIM_20x",1,"Mutant","CB",1188923,0.469666607222513,0.0329187310474419,0.0515210923669273,0.445893569363117,0.0899463554609147,0.90580876428266,0,0.0042448802564255,0.550396823325802,0.0205919729882244,0.038727310287157,0.390283893398816,0.976999592532286,0.0230004074677135,0,0.981082069294887,0.0146857860653262,0,0.00423214463978637,0.903151660143049,0.0213005896399392,0,0.075547750217012,1,0.595023903862536,0.122311578476441,0.178859671134813,0.0759308832298708,0.0278739632963399,0.600654976287364,0.128549259139731,0.154016795627562,0.0913403491051117,0.0254386198402317,0.959057615912207,0.0223394909424541,0.0130676588965377,0.00553523424880137,0.741971631551997,0.0772643038063616,0.0875952175184214,0.0773180792434263,0.0158507678797937,NA,0.995802349757401,0.00419765024259933,0,0,0.929566368922188,0.0121843784881878,0.00641037607161534,0.0518388765180092,0.192603423999964,0.807396576000036,0,NA,1,0,0,0,0.707997932745443,0.0831053546082361,0.0995519554461066,0.0918793212738896,0.017465435926325,0.889767515362799,0.0379562097808541,0.0348468510245391,0.0322756530856639,0.00515377074614352,0.00282896451691597,0.00151532152844539,0.00286441148610101,0.320129805668717,0.0107891131792432,0.661872383620578,0.75273261267129,0.0537349610448753,0.116286183668869,0.0467209843850321,0.0224759865895396,0.00804927164039428,0.824824357828999,0.0477243380371419,0.0868448654371669,0.0344490800157252,0.00464597400969576,0.00151138467127079,0.134847384867063,0.628535432652728,0.152341134658713,0.0842760478214949,0.607270950482607,0.0801165503952678,0.155465340995077,0.0822419549187882,0.0517569072006125,0.0194254524131017,0.00372284359454605,0.857153984068335,0,0,0.142846015931665
"X231127.IMScope.M6.CT.CAC_SIM_20x",1,"Mutant","CT",1314608,0.449777293110807,0.0699540429600803,0.063928862792094,0.416339801137019,0.0236491382632247,0.948924018752135,0.0274268429846409,0,0.54542652816904,0.0169082734032205,0.0345187248517419,0.403146473575997,0.982607790756436,0.0173922092435642,0,0.985761694554065,0.0138037960463054,0,0.000434509399629704,0.996689219246044,0.00174394569445855,0,0.00156683505949697,1,0.692134634420114,0.0902258103729043,0.150136973281088,0.0517597862653285,0.0157427956605651,0.608996522215329,0.118685644312307,0.160258828104311,0.0898274548905013,0.0222315504775516,0.962746325018194,0.020845249563626,0.0136074618166684,0.00280096360151117,0.752132983299172,0.0734803442404472,0.0923184119773622,0.0688159694304496,0.0132522910525685,NA,1,0,0,0,0.94276325963162,0.00515918971460701,0.00308511020434243,0.0489924404494301,0.830512204520024,0,0.169487795479976,NA,0.983259558320414,0,0,0.0167404416795864,0.728354852337686,0.0762182476037511,0.099449891519714,0.0811002466630893,0.0148767618757594,0.839097751799445,0.0489952509240891,0.0597798199031962,0.0450992733300866,0.00702790404318324,0.00112942029919212,0.00114960611577139,0.000623814568744347,0.198124089303482,0.00558692594042708,0.793386143772383,0.658164054097032,0.0702158229952346,0.175586802815252,0.0570245175839743,0.0302151767680777,0.00879362574042923,0.781161963881639,0.0513994438984955,0.118673980229969,0.0351221067904311,0.0108478403663036,0.00279466483316196,0.814746252149059,0,0,0.185253747850941,0.538276214286619,0.075437327696574,0.221205904824438,0.0850808513421349,0.056907625057642,0.0230920767925926,0,0.939091633912965,0,0,0.0609083660870347
"X231127.IMScope.M6.HP.CAC_SIM_20x",1,"Mutant","HP",1919368,0.513021797670671,0.0268096320850501,0.0434658731712923,0.416702697072987,0.0194079285474135,0.955922951600827,0.0246691198517597,0,0.568676813684182,0.0159728352702855,0.0329120481991368,0.382438302846396,0.98601649543783,0.0139835045621697,0,0.98364844118537,0.0151693483942514,0,0.00118221042037822,0.885854244419668,0.0313757852299628,0,0.0827699703503691,1,0.775510694921441,0.0645003112123468,0.118443846373372,0.0311275508450525,0.010417596647788,0.688679711866662,0.091884337253792,0.110237893566337,0.0929186718568577,0.0162793854563516,0.975698192423407,0.0188150122902251,0.00334934885483952,0.00213744643152875,0.756276479534779,0.0648232954153181,0.0691997366181788,0.0963818908050303,0.0133185976266933,NA,0.990220265831202,0.00718116299995415,0,0.00259857116884356,0.951778966169864,0.00208937192848214,0.00178101248655003,0.0443506494151038,0.7593405303604,0.2406594696396,NA,NA,1,0,0,0,0.745877285397724,0.0611910180189977,0.0759839824590236,0.101837750916542,0.0151099632077119,0.85143604840275,0.0369848781086459,0.0409713547406703,0.0634553909754502,0.00715232777248335,0.00379364375355438,0.00648531593369826,0.000932857291980796,0.494073279851252,0.0164435753541079,0.478271327815406,0.774675196037121,0.0464839558235346,0.118617041235923,0.0403111228752876,0.0155676622872464,0.00434502174088766,0.814158215641411,0.0457178124469887,0.100423574212865,0.0326341741092046,0.00539832786945626,0.00166789572007367,0.316112252377829,0.390691816485742,0.000593315354202383,0.292602615782226,0.592980331739881,0.0769604299796399,0.189600151806247,0.0826096153711949,0.0399466299504945,0.0179028411525427,0,0.947758062982,0,0.0044084331296624,0.0478335038883375
"X231127.IMScope.M7.CB.CAC_SIM_20x",1,"Mutant","CB",1243630,0.452895452736975,0.0301074784094035,0.0488711848954533,0.468125883958169,0.148373175398008,0.777191227594904,0,0.0744355970070877,0.512624834948947,0.0220212547673445,0.0388282170200708,0.426525693263638,0.976728433010038,0.0232715669899617,0,0.979009203677075,0.0122371255085157,0,0.0087536708144095,0.769117494245843,0.00820508468848724,0,0.22267742106567,1,0.54536456440818,0.117270264729402,0.196168277230311,0.101180564391461,0.0400163292406456,0.577375785583087,0.114135474271445,0.157995297405961,0.113540919123499,0.036952523616009,0.960743022729884,0.0207806668739428,0.0135573398708685,0.00491897052530514,0.707964481474088,0.0760088912093702,0.0967160717408789,0.0956107263020454,0.023699829273617,NA,0.999987060815526,0,0,1.29391844744059e-05,0.921854672157833,0.0155077069540114,0.00606667085649006,0.056570950031665,0.146124753619296,0.853875246380704,0,NA,1,0,0,0,0.654746800574694,0.0879310472747702,0.11217980283468,0.118555286635872,0.0265870626799832,0.866752327534094,0.0427703644764993,0.0418007443973483,0.0407574528206422,0.00791911077141633,0.00226973322281267,0.00303868965264732,0.00155383955748563,0.213044296239315,0.00887962226755823,0.771213819060181,0.759818537119432,0.0450887806185798,0.108022867198277,0.0482607028925516,0.0278183216201608,0.0109907905509986,0.858914571097247,0.038784059322072,0.0682304858467014,0.0277568691165806,0.00460447726689518,0.00170953735050313,0.107829603376602,0.675587727514257,0.0742559392386408,0.1423267298705,0.589132604078049,0.0659287738319561,0.164593082105879,0.0925056986837954,0.0538351944240262,0.0262723690780783,0.00773227779821568,0.806730615751117,0,0,0.193269384248883
"X231127.IMScope.M7.CT.CAC_SIM_20x",1,"Mutant","CT",1358134,0.448127586062424,0.0341945388374623,0.0496579029214065,0.468019972178707,0.0579313204579725,0.904140547623995,0.037928131918032,0,0.498607210367664,0.0196800051744509,0.0396897138995286,0.442023070558357,0.981582042737962,0.0184179572620381,0,0.983877294972242,0.0136338501610581,0,0.00248885486669989,0.881923944367231,0.00608770665193373,0,0.111988348980835,1,0.721153474002587,0.070340728394829,0.143990831314637,0.047798549809321,0.016716416478626,0.580819305196034,0.111517798576294,0.179066578940618,0.102130532075163,0.0264657852118914,0.969778580253435,0.0155725485543717,0.0107678236907925,0.00388104750140097,0.70257981939122,0.0772962075294564,0.118830072201893,0.0838168993544149,0.0174770015230148,NA,1,0,0,0,0.936886511341952,0.00801721497482663,0.00378761779341545,0.0513086558898059,0.471841926687261,0.528158073312739,0,NA,0.998828729109268,0,0,0.00117127089073178,0.666665126844124,0.0839363866296347,0.131818743231882,0.0984750504526389,0.019104692841721,0.775802860895537,0.05984385591699,0.0909540973597052,0.0623785798458025,0.0110206059819654,0.0015374563064081,0.000586140341076827,0.000197475485632906,0.123753104043907,0.00372016004354128,0.870205663779434,0.655073677907326,0.0602585307887421,0.184712311771392,0.0558114103426673,0.0345121315348585,0.00963193765501419,0.813923298908518,0.0401961519115643,0.10569746764669,0.0278766618825223,0.00976198648003086,0.00254443317067418,0.73164809612143,0,0,0.26835190387857,0.54330342210319,0.0638423222339972,0.222375979444797,0.0804176450282799,0.058315815202516,0.0245661170793336,0.00717869890788671,0.954855958327061,0,0,0.0451440416729395
"X231127.IMScope.M7.HP.CAC_SIM_20x",1,"Mutant","HP",1956928,0.43657272384894,0.0256709177555043,0.0474988716527598,0.490257486742796,0.0354258737926375,0.92750834981285,0.037065776394513,0,0.486264064719171,0.0205241146337128,0.0395864368230665,0.453625383824049,0.984727681470069,0.0152723185299309,0,0.973440797989645,0.0179566237657583,0,0.00860257824459712,0.909552165258626,0.0309816192497528,0.0117507764711327,0.0477154390204883,1,0.705372052740951,0.0810040173541826,0.146587679593191,0.0526680629797818,0.0143681873318936,0.497856019654734,0.139547677173881,0.20040912763794,0.124914307444846,0.0372728680886002,0.961179388327542,0.0163945072241672,0.0139137807441673,0.00851232370412312,0.648907830705175,0.0938595142567896,0.130844886776177,0.101248692967437,0.0251390752944221,NA,0.968848381953818,0.00705951540831205,0.0029652685727706,0.0211268340650989,0.94266367735053,0.0057464456183058,0.00459640119023424,0.0469934758409301,0.531865570877773,0.468134429122227,NA,NA,0.966830147946915,0,0,0.033169852053085,0.597077411453846,0.11066624306432,0.146661670531126,0.114445530107683,0.0311491448430253,0.70863134352107,0.0788853414726536,0.111077225745308,0.0824539002806377,0.01895218898033,0.00587483131359191,0,0.738176049219716,0,0,0.255949119466692,0.630188581459762,0.0668274032218118,0.181760059257666,0.0668214136477044,0.0411225856450191,0.0132799567680365,0.841758761812173,0.0338683330199703,0.0910119363798398,0.0234981033798774,0.00777884138705104,0.00208402402108897,0.11303407313964,0.302125724345809,0,0.58484020251455,0.468722384354673,0.0884806078486738,0.22321648316902,0.101050142658348,0.0725989673922916,0.0380935159819309,0.00783789859506296,0.929916808112441,0,0,0.0700831918875593
